Title,Salary,Rate
 DAZY فستان موحدة اللون أزرار أمامية دانتيل,SR133.00,4
 SHEIN EZwear بنطلون فلير بحزام خصر واسع,SR34.20,4
 SHEIN ICON تي شيرت موسيقى الروك المنحطة ياقة غير متماثل محبوك مضلع,SR20.25,4
 SHEIN Mulvari الصلبة اللون ارتفاع الخصر فستان طويل الأكمام,SR42.50,4
 معطف بأزرار وشال ملون واحد,SR105.02,4
 SHEIN BASICS لباس علوي تانك موحدة اللون أهيف,SR20.70,4
 SHEIN EZwear فستان ضيق موحدة اللون محبوك مضلع,SR31.50,4
 سترة بطباعة حروف ملونة وأكمام راجلان وسحاب نصف فتحة,SR44.00,4
 SHEIN Najma فستان بحزام طباعة بيزلي مطرز,SR168.00,4
 DAZY سترة محبوكة صلبة بأضلاع,SR30.00,4
 SHEIN Privé فستان بأكمام جرس وأكتاف متباينة,SR48.60,4
 SHEIN Essnce بنطلون بساق واسع موحدة اللون,SR27.00,4
 SHEIN EZwear ملابس صيفية تي شيرت نسائي كاجوال وبسيط فضفاض بأكمام قصيرة ورقبة دائرية، مناسب لفصل الصيف,SR27.00,4
 Dazy Star قميص نسائي بأكمام منتفخة وياقة متباينة,SR60.00,4
 SHEIN MOD بنطلون بساق مستقيم خصر عالي,SR63.90,4
 SHEIN Modely فستان بشريط A ياقة مربع,SR86.40,4
 DAZY تنورة ذو تجاعيد موحدة اللون,SR60.00,4
 SHEIN Modely فستان موحدة اللون أكمام فانوس بتفاصيل لؤلؤ,SR90.00,4
 SHEIN Modely فستان موحدة اللون وقوف الياقة حافة طبقات,SR117.90,4
 SHEIN EZwear سترة سوداء للنساء بسحاب Y2k و فتحات إبهام,SR41.00,4
 بنطلون جينز حافة خام ساق عريضة,SR77.00,4
 SHEIN Frenchy سترة بدلة بأكمام طويلة وياقة مثنية,SR49.50,4
 DAZY سويتر بنمط مخطط بأكتاف منسدلة,SR47.25,4
 SHEIN Coolane تيشرت نسائي بطبعة العنكبوت,SR22.00,4
 DAZY قميص مخطط عمودي منخفض الاكتاف مقلم بكشكش,SR59.00,4
 SHEIN Najma فستان شيفرون مطرز برقبة قصيرة مزين بأطراف ترتر,SR61.20,4
 SHEIN Privé 3 قطع تي شيرت بياقة واقفة وأكمام تشبه جناح الخفاش,SR53.10,4
 SHEIN MOD فستان موحدة اللون بتفاصيل مكشكش,SR51.00,4
 SHEIN Mulvari فستان نسائي برقبة مربعة وأكمام منتفخة,SR55.00,4
 SHEIN EZwear بنطلون بساق واسع خصر عالي,SR33.30,4
 DAZY بنطلون جينز جيب مائل ساق عريضة,SR82.00,4
 SHEIN LUNE سروال نسائي بطيات بتأثير معدني,SR55.00,4
 هودي مع رباط قابل للتعديل ورقعة للنساء,SR48.00,4
 SHEIN Privé قميص موحدة اللون منخفض الاكتاف و بنطلون بساق واسع,SR59.40,4
 SHEIN Privé فستان نسائي بأكمام فانوس مطبوع بتقنية ربط العنق مع حاشية ملتفة,SR58.00,4
 SHEIN MOD لباس علوي تانك قصير رباط جانبي بدون بلوزة,SR34.00,4
 SHEIN Modely فستان طباعة الأزهار أكمام فانوس,SR79.20,4
 SHEIN Essnce بنطلون بساق واسع وخصر عالي ورباط,SR59.40,4
 SHEIN Privé فستان بياقة V وأكمام منتفخة وطبعة زهور,SR63.00,4
 DAZY فستان مكشوف الكتف أكمام فانوس حافة حورية البحر,SR102.00,4
 DAZY فستان طباعة الأزهار أكمام فانوس,SR76.00,4
 SHEIN MOD بنطلون بساق واسع جيب مصحح,SR38.50,4
 SHEIN Privé فستان بأكمام جرس ذات تموجات مربعة عنق,SR79.00,4
 SHEIN Mulvari بصدر مدرز فستان برسن و طباعة هندسية اكمام منتفضة معطف,SR106.00,4
 SHEIN EZwear بنطال واسع بساق عريضة مناسب للبس اليومي,SR54.00,4
 SHEIN LUNE كنزة صوف محبوك مضلع بياقة سلحفاة 3 قطع,SR111.60,4
 SHEIN Privé فستان وقوف الياقة أكمام فانوس حافة منديل,SR79.00,4
 SHEIN Modely ياقة طوق صف ازرار مزدوجة بليزر قصير & تنورة,SR82.00,4
 SHEIN MOD فستان كامي موحدة اللون تجاعيد,SR44.00,4
 SHEIN Modely فستان نسائي بأكمام منتفخة وتفاصيل بلوك من اللون مطرز بالكامل,SR90.00,4
 SHEIN EZwear قميص بدون أكمام كاجوال للسيدات مكون من 3 قطع/عبوة ضيقة برقبة دائرية، أسود/أبيض/رمادي,SR41.00,4
 SHEIN ICON بنطلون جينز بخصر عالي وساق عريضة,SR82.00,4
 SHEIN Mulvari فستان نسائي بلون سادة برباط جانبي غير متماثل,SR62.10,4
 SHEIN Modely فستان نسائي بطبعة زهور وأكمام لانترن قصيرة مع ياقة مربعة,SR77.00,4
 SHEIN Modely فستان مطرز بلؤلؤ أكمام مشقوقة ياقة مربع فتحة للفخذ,SR92.00,4
 DAZY قميص متدلي بأزرار أمامية ، اكتفاء كتفين,SR62.00,4
 SHEIN Mulvari فستان بتفاصيل مكشكشة طبقات باكمام وبرقبة مسنن,SR117.00,4
 SHEIN MOD فستان متباين طباعة الأزهار رباط امامي اكمام منتفضة,SR88.00,4
 SHEIN Privé كشكش هيم فستان طويل الأكمام,SR71.00,4
 بنطلون بساق واسعة برسمة المربعات ورباط من الأعلى,SR41.00,4
 SHEIN Najma فستان بحزام طباعة الأزهار أكمام فانوس,SR69.00,4
 SHEIN PETITE بنطلون رسمي جيب جانبي بجيوب شحن,SR43.20,4
 SHEIN MOD فستان كامي طباعة الأزهار تجاعيد شبكة,SR47.00,4
 SHEIN EZwear مجموعة بدلة ضيقة من الصوف للنساء باللون الرمادي الداكن,SR62.10,4
 SHEIN Essnce بنطلون جينز واسع من الاسفل سستة طائر,SR70.20,0
 SHEIN Najma فستان بطباعة أزهار ذهبية شريط متباين,SR70.00,0
 SHEIN LUNE بناطيل رياضي موحدة اللون خصر مرن جيب مائل,SR29.25,0
 SHEIN Modely فستان عنق متداخل اكمام منتفضة خصر مكشكش,SR85.50,0
 DAZY قميص نسائي مصمم بالرقبة العالية والقصة الضيقة,SR35.00,0
 DAZY بلوزة بأكمام واسعة وربطة عنق وطبعة زهور,SR54.00,0
 أطقم منسقة ثقيلة نسائية,SR122.40,0
 DAZY فستان 2 في 1 لونين صف ازرار مزدوجة حزام,SR108.00,0
 تي شيرت نسائي بقصة ضيقة وأزرار نصف مفتوحة,SR26.00,0
 تي شيرت بطباعة أحرف اكمام راجلان,SR29.00,0
 DAZY فستان نسائي بأكمام فانوسية وياقة مرتفعة وطرف ذو روب كشكش منقوش,SR116.00,0
 SHEIN MOD موحدة اللون صدرية كامي & بنطلون بساق واسع,SR88.00,0
 سترة رياضية بقلنسوة نسائية بألوان ثابتة وجيب برباط للنساء,SR46.00,0
 فستان كامي بحاشية غير متماثلة وتفاصيل حجر الراين,SR181.00,0
 DAZY فستان طباعة الأزهار ياقة مربع,SR89.00,0
 SHEIN Mulvari فستان نصف أزرار A-line بسحاب وتطريزات تباين للنساء,SR77.00,0
 SHEIN LUNE موحدة اللون أزرار أمامية قميص & بنطلون بساق واسع,SR63.00,0
 SHEIN Modely فستان بشريط A موحدة اللون بتفاصيل مكشكش,SR72.00,0
 SHEIN Modely فستان ترتر باكمام منتفضة وحزام,SR99.90,0
 SHEIN MOD فستان برسن موحدة اللون تجاعيد,SR47.00,0
 SHEIN Essnce معطف صوف بحزام ذو حواف ملونة مع جيوب مزدوجة,SR90.75,0
 SHEIN Mulvari فستان طويل بأكمام طويلة وطبعات هندسية للسيدات,SR83.00,0
 SHEIN Modely زغبي كفة مفتوح امامي معطف و فستان برسن طقم,SR97.00,0
 SHEIN MOD بنطلون بساق مستقيم موحدة اللون جلد صناعي,SR57.00,0
 SHEIN EZwear تي شيرت جرافيك كاجوال بطبعة عنكبوت وأكمام قصيرة ورقبة دائرية تي شيرت نسائي مناسب للصيف,SR20.00,0
 تي شيرت طباعة مخطط,SR36.00,0
 DAZY فستان بياقة V وأكمام طويلة,SR68.00,0
 DAZY فستان بأكمام منتفخة وتفاصيل دانتيل,SR99.00,0
 SHEIN MOD فستان كامي مطرز بأزهار شبكي شامل,SR83.00,0
 SHEIN MOD مجموعة قطعتين عادية بلون سادة للمرأة,SR47.00,0
 SHEIN MOD فستان كامي بطباعة أزهار اقحوان,SR55.00,0
 SHEIN Privé ثوب نسائي بأكمام جرس متوسطة الطول,SR64.00,0
 SHEIN Modely فستان شبكة متباينة تجاعيد,SR82.80,0
 SHEIN بنطلون جينز بخصر متداخل موحدة اللون,SR72.90,0
 DAZY فستان بأكمام القمر بخصر إمبير مجعد و أزرار و تزيينات,SR76.00,0
 SHEIN Modely فستان بشريط A موحدة اللون وقوف الياقة بدون أكمام,SR85.00,0
 SHEIN Privé بلوزة نسائية بربطة عنق في شكل V وقصة مقصوصة من الأمام,SR48.00,0
 مجموعة متطابقة للنساء من سترة محبوكة وسروال مسار فصلي للخريف والشتاء الدافئة,SR134.10,0
 SHEIN MOD الصلبة اللون قبالة فستان الكتف,SR72.90,0
 SHEIN MOD فستان برسن رايات امامية اكمام واسعة تجاعيد بحافة مطوي,SR75.00,0
 DAZY هودي سستة منخفض الاكتاف رباط مبطن حراري,SR100.00,0
 SHEIN Privé جمبسوت انبوب مقلم زغبي,SR55.00,0
 SHEIN Privé فستان بشريط A موحدة اللون اكمام جناح الخفاش,SR57.00,0
 Oxana فستان ياقة غير متماثل اكمام بيشوب بحافة واسع من الاسفل,SR107.10,0
 Dazy Star بنطلون جينز واسع من الاسفل موحدة اللون,SR84.00,0
 DAZY ثوب جانبي سادة بتصميم مجمع بالشبكة,SR71.00,0
 SHEIN Essnce تي شيرت قصيرة الأكمام للنساء مطبوع عليه رسومات لوحة زيتية,SR20.70,0
 بنطلون كارجو جيب جانبي قلاب,SR61.00,0
 SHEIN MOD فستان كامي طباعة الأزهار بربطة كتف,SR67.00,0
 SHEIN EZwear قميص نسائي قصير غير رسمي ومرن، بلا أكمام 2 قطعة، صيفي,SR23.00,0
 SHEIN MOD فستان بربطة عنق اكمام منتفخة,SR79.00,0
 DAZY قميص طباعة مربع النقش منخفض الاكتاف,SR68.00,0
 Dazy-Less تنورة واسع من الاسفل موحدة اللون,SR58.00,0
 SHEIN Privé فستان نسائي بفتحة عالية وصبغة التعادل وحاشية مكشكشة,SR66.00,0
 طماق موحدة اللون سحاب,SR29.60,0
 SHEIN MOD فستان نسائي مربع الرقبة الدانتيل المثقوب مع أربطة التشبيك,SR86.00,0
 DAZY فستان موحدة اللون أزرار أمامية دانتيل,SR133.00,4
 SHEIN ICON تي شيرت موسيقى الروك المنحطة ياقة غير متماثل محبوك مضلع,SR20.25,4
 SHEIN EZwear فستان ضيق موحدة اللون محبوك مضلع,SR31.50,4
 معطف بأزرار وشال ملون واحد,SR105.02,4
 SHEIN Essnce بنطلون بساق واسع موحدة اللون,SR27.00,4
 SHEIN EZwear قميص بدون أكمام كاجوال للسيدات مكون من 3 قطع/عبوة ضيقة برقبة دائرية، أسود/أبيض/رمادي,SR41.00,4
 SHEIN Mulvari الصلبة اللون ارتفاع الخصر فستان طويل الأكمام,SR42.50,4
 SHEIN BASICS لباس علوي تانك موحدة اللون أهيف,SR20.70,4
 سترة بطباعة حروف ملونة وأكمام راجلان وسحاب نصف فتحة,SR44.00,4
 SHEIN Najma فستان بحزام طباعة بيزلي مطرز,SR168.00,4
 SHEIN MOD بنطلون بساق مستقيم خصر عالي,SR63.90,4
 SHEIN EZwear طقم قميص قصير بدون أكمام للسيدات مكون من 3 قطع باللون الأسود والأبيض والرمادي للارتداء غير الرسمي,SR37.00,4
 SHEIN EZwear ملابس صيفية تي شيرت نسائي كاجوال وبسيط فضفاض بأكمام قصيرة ورقبة دائرية، مناسب لفصل الصيف,SR27.00,4
 DAZY سترة محبوكة صلبة بأضلاع,SR30.00,4
 SHEIN Privé فستان بأكمام جرس وأكتاف متباينة,SR48.60,4
 DAZY تنورة ذو تجاعيد موحدة اللون,SR60.00,4
 DAZY قميص مخطط عمودي منخفض الاكتاف مقلم بكشكش,SR59.00,4
 DAZY فستان مكشوف الكتف بلون سادة للنساء، مزين بكشكشة على الأكتاف والحاشية,SR100.00,4
 SHEIN Modely فستان بشريط A ياقة مربع,SR86.40,4
 SHEIN Modely فستان موحدة اللون وقوف الياقة حافة طبقات,SR117.90,4
 SHEIN Frenchy سترة بدلة بأكمام طويلة وياقة مثنية,SR49.50,4
 SHEIN Modely فستان موحدة اللون أكمام فانوس بتفاصيل لؤلؤ,SR90.00,4
 SHEIN EZwear بنطلون بساق واسع خصر عالي,SR33.30,4
 DAZY سويتر بنمط مخطط بأكتاف منسدلة,SR47.25,4
 SHEIN Coolane تيشرت نسائي بطبعة العنكبوت,SR22.00,4
 SHEIN Najma فستان شيفرون مطرز برقبة قصيرة مزين بأطراف ترتر,SR61.20,4
 DAZY بنطلون جينز جيب مائل ساق عريضة,SR82.00,4
 SHEIN Privé فستان نسائي بأكمام فانوس مطبوع بتقنية ربط العنق مع حاشية ملتفة,SR58.00,4
 Dazy Star قميص نسائي بأكمام منتفخة وياقة متباينة,SR60.00,4
 SHEIN Privé 3 قطع تي شيرت بياقة واقفة وأكمام تشبه جناح الخفاش,SR53.10,4
 هودي مع رباط قابل للتعديل ورقعة للنساء,SR48.00,4
 SHEIN MOD لباس علوي تانك قصير رباط جانبي بدون بلوزة,SR34.00,4
 SHEIN Mulvari فستان نسائي برقبة مربعة وأكمام منتفخة,SR55.00,4
 SHEIN MOD فستان موحدة اللون بتفاصيل مكشكش,SR51.00,4
 SHEIN Essnce بنطلون بساق واسع وخصر عالي ورباط,SR59.40,4
 DAZY فستان مكشوف الكتف أكمام فانوس حافة حورية البحر,SR102.00,4
 DAZY فستان طباعة الأزهار أكمام فانوس,SR76.00,4
 SHEIN Modely فستان طباعة الأزهار أكمام فانوس,SR79.20,4
 SHEIN Mulvari بصدر مدرز فستان برسن و طباعة هندسية اكمام منتفضة معطف,SR106.00,4
 SHEIN MOD بنطلون بساق واسع جيب مصحح,SR38.50,4
 SHEIN ICON بنطلون جينز بخصر عالي وساق عريضة,SR82.00,4
 SHEIN Privé فستان وقوف الياقة أكمام فانوس حافة منديل,SR79.00,4
 SHEIN LUNE كنزة صوف محبوك مضلع بياقة سلحفاة 3 قطع,SR111.60,4
 SHEIN MOD فستان كامي موحدة اللون تجاعيد,SR44.00,4
 SHEIN EZwear بنطال واسع بساق عريضة مناسب للبس اليومي,SR54.00,4
 SHEIN Modely ياقة طوق صف ازرار مزدوجة بليزر قصير & تنورة,SR82.00,4
 SHEIN Modely فستان نسائي بأكمام منتفخة وتفاصيل بلوك من اللون مطرز بالكامل,SR90.00,4
 SHEIN Mulvari فستان نسائي بلون سادة برباط جانبي غير متماثل,SR62.10,4
 SHEIN Privé كشكش هيم فستان طويل الأكمام,SR71.00,4
 SHEIN EZwear مجموعة بدلة ضيقة من الصوف للنساء باللون الرمادي الداكن,SR62.10,4
 SHEIN Modely فستان مطرز بلؤلؤ أكمام مشقوقة ياقة مربع فتحة للفخذ,SR92.00,4
 SHEIN Mulvari فستان بتفاصيل مكشكشة طبقات باكمام وبرقبة مسنن,SR117.00,4
 SHEIN Essnce بنطلون جينز واسع من الاسفل سستة طائر,SR70.20,4
 SHEIN Modely فستان نسائي بطبعة زهور وأكمام لانترن قصيرة مع ياقة مربعة,SR77.00,4
 DAZY قميص متدلي بأزرار أمامية ، اكتفاء كتفين,SR62.00,4
 SHEIN MOD فستان متباين طباعة الأزهار رباط امامي اكمام منتفضة,SR88.00,4
 SHEIN Najma فستان بحزام طباعة الأزهار أكمام فانوس,SR69.00,4
 بنطلون بساق واسعة برسمة المربعات ورباط من الأعلى,SR41.00,4
 SHEIN PETITE بنطلون رسمي جيب جانبي بجيوب شحن,SR43.20,4
 SHEIN LUNE بناطيل رياضي موحدة اللون خصر مرن جيب مائل,SR29.25,4
 SHEIN Najma فستان بطباعة أزهار ذهبية شريط متباين,SR70.00,4
 SHEIN Privé جمبسوت انبوب مقلم زغبي,SR55.00,4
 DAZY قميص نسائي مصمم بالرقبة العالية والقصة الضيقة,SR35.00,4
 SHEIN MOD فستان كامي طباعة الأزهار تجاعيد شبكة,SR47.00,4
 أطقم منسقة ثقيلة نسائية,SR122.40,4
 DAZY بلوزة بأكمام واسعة وربطة عنق وطبعة زهور,SR54.00,0
 تي شيرت نسائي بقصة ضيقة وأزرار نصف مفتوحة,SR26.00,0
 DAZY فستان نسائي بأكمام فانوسية وياقة مرتفعة وطرف ذو روب كشكش منقوش,SR116.00,0
 تي شيرت بطباعة أحرف اكمام راجلان,SR29.00,0
 DAZY فستان 2 في 1 لونين صف ازرار مزدوجة حزام,SR108.00,0
 SHEIN MOD موحدة اللون صدرية كامي & بنطلون بساق واسع,SR88.00,0
 سترة رياضية بقلنسوة نسائية بألوان ثابتة وجيب برباط للنساء,SR46.00,0
 DAZY فستان طباعة الأزهار ياقة مربع,SR89.00,0
 فستان كامي بحاشية غير متماثلة وتفاصيل حجر الراين,SR181.00,0
 SHEIN Mulvari فستان نصف أزرار A-line بسحاب وتطريزات تباين للنساء,SR77.00,0
 SHEIN Essnce معطف صوف بحزام ذو حواف ملونة مع جيوب مزدوجة,SR90.75,0
 SHEIN Modely فستان ترتر باكمام منتفضة وحزام,SR99.90,0
 SHEIN MOD بنطلون بساق مستقيم موحدة اللون جلد صناعي,SR57.00,0
 SHEIN Modely زغبي كفة مفتوح امامي معطف و فستان برسن طقم,SR97.00,0
 SHEIN Mulvari فستان طويل بأكمام طويلة وطبعات هندسية للسيدات,SR83.00,0
 SHEIN MOD فستان برسن موحدة اللون تجاعيد,SR47.00,0
 SHEIN Privé بلوزة نسائية بربطة عنق في شكل V وقصة مقصوصة من الأمام,SR48.00,0
 تي شيرت طباعة مخطط,SR36.00,0
 SHEIN EZwear تي شيرت جرافيك كاجوال بطبعة عنكبوت وأكمام قصيرة ورقبة دائرية تي شيرت نسائي مناسب للصيف,SR20.00,0
 SHEIN MOD فستان كامي مطرز بأزهار شبكي شامل,SR83.00,0
 DAZY فستان بياقة V وأكمام طويلة,SR68.00,0
 DAZY فستان بأكمام منتفخة وتفاصيل دانتيل,SR99.00,0
 SHEIN Essnce تي شيرت قصيرة الأكمام للنساء مطبوع عليه رسومات لوحة زيتية,SR20.70,0
 SHEIN MOD فستان كامي بطباعة أزهار اقحوان,SR55.00,0
 SHEIN MOD الصلبة اللون قبالة فستان الكتف,SR72.90,0
 SHEIN Modely فستان بشريط A موحدة اللون وقوف الياقة بدون أكمام,SR85.00,0
 مجموعة متطابقة للنساء من سترة محبوكة وسروال مسار فصلي للخريف والشتاء الدافئة,SR134.10,0
 SHEIN Privé ثوب نسائي بأكمام جرس متوسطة الطول,SR64.00,0
 SHEIN MOD مجموعة قطعتين عادية بلون سادة للمرأة,SR47.00,0
 DAZY هودي سستة منخفض الاكتاف رباط مبطن حراري,SR100.00,0
 SHEIN Modely فستان شبكة متباينة تجاعيد,SR82.80,0
 DAZY فستان بأكمام القمر بخصر إمبير مجعد و أزرار و تزيينات,SR76.00,0
 Dazy Star بنطلون جينز واسع من الاسفل موحدة اللون,SR84.00,0
 SHEIN EZwear قميص نسائي قصير غير رسمي ومرن، بلا أكمام 2 قطعة، صيفي,SR23.00,0
 SHEIN بنطلون جينز بخصر متداخل موحدة اللون,SR72.90,0
 SHEIN Privé فستان بشريط A موحدة اللون اكمام جناح الخفاش,SR57.00,0
 SHEIN MOD فستان كامي طباعة الأزهار بربطة كتف,SR67.00,0
 SHEIN MOD فستان بربطة عنق اكمام منتفخة,SR79.00,0
 DAZY قميص طباعة مربع النقش منخفض الاكتاف,SR68.00,0
 Dazy-Less تنورة واسع من الاسفل موحدة اللون,SR58.00,0
 SHEIN Privé فستان نسائي بفتحة عالية وصبغة التعادل وحاشية مكشكشة,SR66.00,0
 طماق موحدة اللون سحاب,SR29.60,0
 SHEIN MOD فستان نسائي مربع الرقبة الدانتيل المثقوب مع أربطة التشبيك,SR86.00,0
 SHEIN LUNE هودي وبنطلون رياضي طباعة شارة الرتبة جيب الكنغر منخفض الاكتاف رباط,SR77.00,0
 SHEIN Modely مجموعة نسائية مكونة من سترة مربعة وبنطلون طويل,SR112.00,0
 DAZY قميص بخطوط عمودية وكتف منسدل,SR50.00,0
 بلوزة أكمام فانوس بقصة ملفوفة عقدة جانبي,SR44.00,0
 SHEIN VCAY فستان مطبوع بنقش هندسي مع بطانة رفيعة تزين حافته وأكمام,SR76.00,0
 SHEIN Najma فستان طباعة هندسية مقلم بشرابة,SR79.00,0
 DAZY تي شيرت بلون سادة ورقبة مطوية وحاشية غير منتظمة وأكمام طويلة,SR38.00,0
 SHEIN MOD فستان ياقة مربع رباط امامي,SR88.20,0
 DAZY بنطلون قصة عادية بتفاصيل مجعدة,SR62.00,0
 SHEIN Modely تنورة واسع من الاسفل خصر عالي,SR59.40,0
 DAZY قميص طباعة مخطط منخفض الاكتاف,SR57.00,0
 SHEIN LUNE طقم مكون من قطعتين بأكمام وأكتاف منسدلة، وقميص وبنطلون مفتوح,SR31.50,0
 DAZY فستان موحدة اللون أزرار أمامية دانتيل,SR133.00,4
 SHEIN EZwear بنطلون فلير بحزام خصر واسع,SR34.20,4
 SHEIN ICON تي شيرت موسيقى الروك المنحطة ياقة غير متماثل محبوك مضلع,SR20.25,4
 SHEIN Mulvari الصلبة اللون ارتفاع الخصر فستان طويل الأكمام,SR42.50,4
 معطف بأزرار وشال ملون واحد,SR105.02,4
 SHEIN EZwear قميص بدون أكمام كاجوال للسيدات مكون من 3 قطع/عبوة ضيقة برقبة دائرية، أسود/أبيض/رمادي,SR41.00,4
 SHEIN BASICS لباس علوي تانك موحدة اللون أهيف,SR20.70,4
 SHEIN EZwear فستان ضيق موحدة اللون محبوك مضلع,SR31.50,4
 سترة بطباعة حروف ملونة وأكمام راجلان وسحاب نصف فتحة,SR44.00,4
 SHEIN Najma فستان بحزام طباعة بيزلي مطرز,SR168.00,4
 DAZY سترة محبوكة صلبة بأضلاع,SR30.00,4
 SHEIN EZwear طقم قميص قصير بدون أكمام للسيدات مكون من 3 قطع باللون الأسود والأبيض والرمادي للارتداء غير الرسمي,SR37.00,4
 SHEIN Privé فستان بأكمام جرس وأكتاف متباينة,SR48.60,4
 SHEIN Essnce بنطلون بساق واسع موحدة اللون,SR27.00,4
 SHEIN EZwear ملابس صيفية تي شيرت نسائي كاجوال وبسيط فضفاض بأكمام قصيرة ورقبة دائرية، مناسب لفصل الصيف,SR27.00,4
 Dazy Star قميص نسائي بأكمام منتفخة وياقة متباينة,SR60.00,4
 SHEIN MOD بنطلون بساق مستقيم خصر عالي,SR63.90,4
 DAZY فستان مكشوف الكتف بلون سادة للنساء، مزين بكشكشة على الأكتاف والحاشية,SR100.00,4
 SHEIN Modely فستان بشريط A ياقة مربع,SR86.40,4
 DAZY تنورة ذو تجاعيد موحدة اللون,SR60.00,4
 SHEIN Modely فستان موحدة اللون أكمام فانوس بتفاصيل لؤلؤ,SR90.00,4
 SHEIN Modely فستان موحدة اللون وقوف الياقة حافة طبقات,SR117.90,4
 SHEIN EZwear سترة سوداء للنساء بسحاب Y2k و فتحات إبهام,SR41.00,4
 بنطلون جينز حافة خام ساق عريضة,SR77.00,4
 SHEIN Frenchy سترة بدلة بأكمام طويلة وياقة مثنية,SR49.50,4
 DAZY سويتر بنمط مخطط بأكتاف منسدلة,SR47.25,4
 SHEIN Coolane تيشرت نسائي بطبعة العنكبوت,SR22.00,4
 DAZY قميص مخطط عمودي منخفض الاكتاف مقلم بكشكش,SR59.00,4
 SHEIN Privé 3 قطع تي شيرت بياقة واقفة وأكمام تشبه جناح الخفاش,SR53.10,4
 SHEIN Najma فستان شيفرون مطرز برقبة قصيرة مزين بأطراف ترتر,SR61.20,4
 SHEIN MOD فستان موحدة اللون بتفاصيل مكشكش,SR51.00,4
 SHEIN Mulvari فستان نسائي برقبة مربعة وأكمام منتفخة,SR55.00,4
 SHEIN EZwear بنطلون بساق واسع خصر عالي,SR33.30,4
 DAZY بنطلون جينز جيب مائل ساق عريضة,SR82.00,4
 SHEIN LUNE سروال نسائي بطيات بتأثير معدني,SR55.00,4
 هودي مع رباط قابل للتعديل ورقعة للنساء,SR48.00,4
 SHEIN Privé قميص موحدة اللون منخفض الاكتاف و بنطلون بساق واسع,SR59.40,4
 SHEIN Privé فستان نسائي بأكمام فانوس مطبوع بتقنية ربط العنق مع حاشية ملتفة,SR58.00,4
 SHEIN MOD لباس علوي تانك قصير رباط جانبي بدون بلوزة,SR34.00,4
 SHEIN Modely فستان طباعة الأزهار أكمام فانوس,SR79.20,4
 SHEIN Essnce بنطلون بساق واسع وخصر عالي ورباط,SR59.40,4
 SHEIN Privé فستان بياقة V وأكمام منتفخة وطبعة زهور,SR63.00,4
 DAZY فستان مكشوف الكتف أكمام فانوس حافة حورية البحر,SR102.00,4
 DAZY فستان طباعة الأزهار أكمام فانوس,SR76.00,4
 SHEIN MOD بنطلون بساق واسع جيب مصحح,SR38.50,4
 SHEIN Privé فستان بأكمام جرس ذات تموجات مربعة عنق,SR79.00,4
 SHEIN Mulvari بصدر مدرز فستان برسن و طباعة هندسية اكمام منتفضة معطف,SR106.00,4
 SHEIN EZwear بنطال واسع بساق عريضة مناسب للبس اليومي,SR54.00,4
 SHEIN LUNE كنزة صوف محبوك مضلع بياقة سلحفاة 3 قطع,SR111.60,4
 SHEIN Privé فستان وقوف الياقة أكمام فانوس حافة منديل,SR79.00,4
 SHEIN Modely ياقة طوق صف ازرار مزدوجة بليزر قصير & تنورة,SR82.00,4
 SHEIN MOD فستان كامي موحدة اللون تجاعيد,SR44.00,4
 SHEIN Modely فستان نسائي بأكمام منتفخة وتفاصيل بلوك من اللون مطرز بالكامل,SR90.00,4
 SHEIN ICON بنطلون جينز بخصر عالي وساق عريضة,SR82.00,4
 SHEIN Mulvari فستان نسائي بلون سادة برباط جانبي غير متماثل,SR62.10,4
 SHEIN Modely فستان نسائي بطبعة زهور وأكمام لانترن قصيرة مع ياقة مربعة,SR77.00,4
 SHEIN Modely فستان مطرز بلؤلؤ أكمام مشقوقة ياقة مربع فتحة للفخذ,SR92.00,4
 DAZY قميص متدلي بأزرار أمامية ، اكتفاء كتفين,SR62.00,4
 SHEIN Mulvari فستان بتفاصيل مكشكشة طبقات باكمام وبرقبة مسنن,SR117.00,4
 SHEIN MOD فستان متباين طباعة الأزهار رباط امامي اكمام منتفضة,SR88.00,4
 SHEIN Privé كشكش هيم فستان طويل الأكمام,SR71.00,4
 بنطلون بساق واسعة برسمة المربعات ورباط من الأعلى,SR41.00,4
 SHEIN Najma فستان بحزام طباعة الأزهار أكمام فانوس,SR69.00,4
 SHEIN PETITE بنطلون رسمي جيب جانبي بجيوب شحن,SR43.20,0
 SHEIN MOD فستان كامي طباعة الأزهار تجاعيد شبكة,SR47.00,0
 SHEIN EZwear مجموعة بدلة ضيقة من الصوف للنساء باللون الرمادي الداكن,SR62.10,0
 SHEIN Essnce بنطلون جينز واسع من الاسفل سستة طائر,SR70.20,0
 SHEIN Najma فستان بطباعة أزهار ذهبية شريط متباين,SR70.00,0
 SHEIN LUNE بناطيل رياضي موحدة اللون خصر مرن جيب مائل,SR29.25,0
 SHEIN Modely فستان عنق متداخل اكمام منتفضة خصر مكشكش,SR85.50,0
 DAZY قميص نسائي مصمم بالرقبة العالية والقصة الضيقة,SR35.00,0
 DAZY بلوزة بأكمام واسعة وربطة عنق وطبعة زهور,SR54.00,0
 أطقم منسقة ثقيلة نسائية,SR122.40,0
 DAZY فستان 2 في 1 لونين صف ازرار مزدوجة حزام,SR108.00,0
 تي شيرت نسائي بقصة ضيقة وأزرار نصف مفتوحة,SR26.00,0
 DAZY فستان نسائي بأكمام فانوسية وياقة مرتفعة وطرف ذو روب كشكش منقوش,SR116.00,0
 SHEIN MOD موحدة اللون صدرية كامي & بنطلون بساق واسع,SR88.00,0
 تي شيرت بطباعة أحرف اكمام راجلان,SR29.00,0
 سترة رياضية بقلنسوة نسائية بألوان ثابتة وجيب برباط للنساء,SR46.00,0
 فستان كامي بحاشية غير متماثلة وتفاصيل حجر الراين,SR181.00,0
 DAZY فستان طباعة الأزهار ياقة مربع,SR89.00,0
 SHEIN Mulvari فستان نصف أزرار A-line بسحاب وتطريزات تباين للنساء,SR77.00,0
 SHEIN LUNE موحدة اللون أزرار أمامية قميص & بنطلون بساق واسع,SR63.00,0
 SHEIN Modely فستان بشريط A موحدة اللون بتفاصيل مكشكش,SR72.00,0
 DAZY قميص عادي بأكمام نصفية وتفاصيل مجمعة,SR38.00,0
 SHEIN Modely فستان ترتر باكمام منتفضة وحزام,SR99.90,0
 SHEIN Essnce معطف صوف بحزام ذو حواف ملونة مع جيوب مزدوجة,SR90.75,0
 SHEIN MOD فستان برسن موحدة اللون تجاعيد,SR47.00,0
 SHEIN Mulvari فستان طويل بأكمام طويلة وطبعات هندسية للسيدات,SR83.00,0
 SHEIN Modely زغبي كفة مفتوح امامي معطف و فستان برسن طقم,SR97.00,0
 SHEIN MOD بنطلون بساق مستقيم موحدة اللون جلد صناعي,SR57.00,0
 تي شيرت طباعة مخطط,SR36.00,0
 DAZY فستان بياقة V وأكمام طويلة,SR68.00,0
 DAZY فستان بأكمام منتفخة وتفاصيل دانتيل,SR99.00,0
 SHEIN MOD فستان كامي مطرز بأزهار شبكي شامل,SR83.00,0
 SHEIN MOD مجموعة قطعتين عادية بلون سادة للمرأة,SR47.00,0
 SHEIN MOD فستان كامي بطباعة أزهار اقحوان,SR55.00,0
 SHEIN Privé ثوب نسائي بأكمام جرس متوسطة الطول,SR64.00,0
 SHEIN Modely فستان شبكة متباينة تجاعيد,SR82.80,0
 SHEIN بنطلون جينز بخصر متداخل موحدة اللون,SR72.90,0
 DAZY فستان بأكمام القمر بخصر إمبير مجعد و أزرار و تزيينات,SR76.00,0
 SHEIN Modely فستان بشريط A موحدة اللون وقوف الياقة بدون أكمام,SR85.00,0
 SHEIN EZwear تي شيرت جرافيك كاجوال بطبعة عنكبوت وأكمام قصيرة ورقبة دائرية تي شيرت نسائي مناسب للصيف,SR20.00,0
 SHEIN Privé بلوزة نسائية بربطة عنق في شكل V وقصة مقصوصة من الأمام,SR48.00,0
 مجموعة متطابقة للنساء من سترة محبوكة وسروال مسار فصلي للخريف والشتاء الدافئة,SR134.10,0
 SHEIN MOD الصلبة اللون قبالة فستان الكتف,SR72.90,0
 SHEIN MOD فستان برسن رايات امامية اكمام واسعة تجاعيد بحافة مطوي,SR75.00,0
 DAZY هودي سستة منخفض الاكتاف رباط مبطن حراري,SR100.00,0
 SHEIN Privé جمبسوت انبوب مقلم زغبي,SR55.00,0
 SHEIN Privé فستان بشريط A موحدة اللون اكمام جناح الخفاش,SR57.00,0
 Oxana فستان ياقة غير متماثل اكمام بيشوب بحافة واسع من الاسفل,SR107.10,0
 Dazy Star بنطلون جينز واسع من الاسفل موحدة اللون,SR84.00,0
 DAZY ثوب جانبي سادة بتصميم مجمع بالشبكة,SR71.00,0
 SHEIN Essnce تي شيرت قصيرة الأكمام للنساء مطبوع عليه رسومات لوحة زيتية,SR20.70,0
 بنطلون كارجو جيب جانبي قلاب,SR61.00,0
 SHEIN MOD فستان كامي طباعة الأزهار بربطة كتف,SR67.00,0
 SHEIN EZwear قميص نسائي قصير غير رسمي ومرن، بلا أكمام 2 قطعة، صيفي,SR23.00,0
 SHEIN MOD فستان بربطة عنق اكمام منتفخة,SR79.00,0
 DAZY قميص طباعة مربع النقش منخفض الاكتاف,SR68.00,0
 Dazy-Less تنورة واسع من الاسفل موحدة اللون,SR58.00,0
 DAZY فستان موحدة اللون أزرار أمامية دانتيل,SR133.00,4
 SHEIN EZwear بنطلون فلير بحزام خصر واسع,SR34.20,4
 SHEIN ICON تي شيرت موسيقى الروك المنحطة ياقة غير متماثل محبوك مضلع,SR20.25,4
 SHEIN Mulvari الصلبة اللون ارتفاع الخصر فستان طويل الأكمام,SR42.50,4
 معطف بأزرار وشال ملون واحد,SR105.02,4
 SHEIN EZwear قميص بدون أكمام كاجوال للسيدات مكون من 3 قطع/عبوة ضيقة برقبة دائرية، أسود/أبيض/رمادي,SR41.00,4
 SHEIN BASICS لباس علوي تانك موحدة اللون أهيف,SR20.70,4
 SHEIN EZwear فستان ضيق موحدة اللون محبوك مضلع,SR31.50,4
 سترة بطباعة حروف ملونة وأكمام راجلان وسحاب نصف فتحة,SR44.00,4
 SHEIN Najma فستان بحزام طباعة بيزلي مطرز,SR168.00,4
 DAZY سترة محبوكة صلبة بأضلاع,SR30.00,4
 SHEIN EZwear طقم قميص قصير بدون أكمام للسيدات مكون من 3 قطع باللون الأسود والأبيض والرمادي للارتداء غير الرسمي,SR37.00,4
 SHEIN Essnce بنطلون بساق واسع موحدة اللون,SR27.00,4
 SHEIN Privé فستان بأكمام جرس وأكتاف متباينة,SR48.60,4
 SHEIN EZwear ملابس صيفية تي شيرت نسائي كاجوال وبسيط فضفاض بأكمام قصيرة ورقبة دائرية، مناسب لفصل الصيف,SR27.00,4
 Dazy Star قميص نسائي بأكمام منتفخة وياقة متباينة,SR60.00,4
 SHEIN Modely فستان بشريط A ياقة مربع,SR86.40,4
 DAZY فستان مكشوف الكتف بلون سادة للنساء، مزين بكشكشة على الأكتاف والحاشية,SR100.00,4
 SHEIN MOD بنطلون بساق مستقيم خصر عالي,SR63.90,4
 DAZY تنورة ذو تجاعيد موحدة اللون,SR60.00,4
 SHEIN Modely فستان موحدة اللون أكمام فانوس بتفاصيل لؤلؤ,SR90.00,4
 SHEIN Modely فستان موحدة اللون وقوف الياقة حافة طبقات,SR117.90,4
 SHEIN EZwear سترة سوداء للنساء بسحاب Y2k و فتحات إبهام,SR41.00,4
 DAZY سويتر بنمط مخطط بأكتاف منسدلة,SR47.25,4
 بنطلون جينز حافة خام ساق عريضة,SR77.00,4
 SHEIN Frenchy سترة بدلة بأكمام طويلة وياقة مثنية,SR49.50,4
 SHEIN Coolane تيشرت نسائي بطبعة العنكبوت,SR22.00,4
 DAZY قميص مخطط عمودي منخفض الاكتاف مقلم بكشكش,SR59.00,4
 SHEIN Privé 3 قطع تي شيرت بياقة واقفة وأكمام تشبه جناح الخفاش,SR53.10,4
 SHEIN Najma فستان شيفرون مطرز برقبة قصيرة مزين بأطراف ترتر,SR61.20,4
 SHEIN VCAY فستان بطبعة الزهور وأكمام طويلة بحزام خصر للسيدات,SR76.00,4
 SHEIN Modely فستان نسائي برقبة مربعة مزين باللؤلؤ الصناعي,SR81.00,4
 SHEIN EZwear بنطلون بساق واسع خصر عالي,SR33.30,4
 SHEIN MOD فستان موحدة اللون بتفاصيل مكشكش,SR51.00,4
 SHEIN Mulvari فستان نسائي برقبة مربعة وأكمام منتفخة,SR55.00,4
 SHEIN MOD لباس علوي تانك قصير رباط جانبي بدون بلوزة,SR34.00,4
 هودي مع رباط قابل للتعديل ورقعة للنساء,SR48.00,4
 DAZY بنطلون جينز جيب مائل ساق عريضة,SR82.00,4
 SHEIN Privé قميص موحدة اللون منخفض الاكتاف و بنطلون بساق واسع,SR59.40,4
 DAZY فستان مكشوف الكتف أكمام فانوس حافة حورية البحر,SR102.00,4
 SHEIN Essnce بنطلون بساق واسع وخصر عالي ورباط,SR59.40,4
 SHEIN Essnce معطف صوف نسائي بياقة بأزرار وحافة لف بألوان متباينة,SR63.00,4
 SHEIN Modely فستان طباعة الأزهار أكمام فانوس,SR79.20,4
 SHEIN Privé فستان بياقة V وأكمام منتفخة وطبعة زهور,SR63.00,4
 SHEIN MOD بنطلون بساق واسع جيب مصحح,SR38.50,4
 SHEIN LUNE سروال نسائي بطيات بتأثير معدني,SR55.00,4
 DAZY فستان طباعة الأزهار أكمام فانوس,SR76.00,4
 SHEIN Privé فستان نسائي بأكمام فانوس مطبوع بتقنية ربط العنق مع حاشية ملتفة,SR58.00,4
 SHEIN Privé فستان بأكمام جرس ذات تموجات مربعة عنق,SR79.00,4
 SHEIN MOD بدسويت بساق واسع موحد اللون مشد مكشوف الكتف,SR56.00,4
 SHEIN Mulvari بصدر مدرز فستان برسن و طباعة هندسية اكمام منتفضة معطف,SR106.00,4
 SHEIN Privé فستان وقوف الياقة أكمام فانوس حافة منديل,SR79.00,4
 SHEIN EZwear بنطال واسع بساق عريضة مناسب للبس اليومي,SR54.00,4
 SHEIN LUNE كنزة صوف محبوك مضلع بياقة سلحفاة 3 قطع,SR111.60,4
 SHEIN ICON بنطلون جينز بخصر عالي وساق عريضة,SR82.00,4
 SHEIN MOD فستان كامي موحدة اللون تجاعيد,SR44.00,4
 SHEIN Modely ياقة طوق صف ازرار مزدوجة بليزر قصير & تنورة,SR82.00,4
 SHEIN Mulvari فستان نسائي بلون سادة برباط جانبي غير متماثل,SR62.10,4
 SHEIN Modely فستان نسائي بطبعة زهور وأكمام لانترن قصيرة مع ياقة مربعة,SR77.00,4
 SHEIN Modely فستان مطرز بلؤلؤ أكمام مشقوقة ياقة مربع فتحة للفخذ,SR92.00,4
 DAZY قميص متدلي بأزرار أمامية ، اكتفاء كتفين,SR62.00,4
 SHEIN Mulvari فستان بتفاصيل مكشكشة طبقات باكمام وبرقبة مسنن,SR117.00,0
 SHEIN MOD فستان متباين طباعة الأزهار رباط امامي اكمام منتفضة,SR88.00,0
 SHEIN Privé كشكش هيم فستان طويل الأكمام,SR71.00,0
 SHEIN PETITE بنطلون رسمي جيب جانبي بجيوب شحن,SR43.20,0
 SHEIN Najma فستان بحزام طباعة الأزهار أكمام فانوس,SR69.00,0
 SHEIN MOD فستان كامي طباعة الأزهار تجاعيد شبكة,SR47.00,0
 SHEIN Najma فستان بطباعة أزهار ذهبية شريط متباين,SR70.00,0
 بنطلون بساق واسعة برسمة المربعات ورباط من الأعلى,SR41.00,0
 SHEIN EZwear مجموعة بدلة ضيقة من الصوف للنساء باللون الرمادي الداكن,SR62.10,0
 SHEIN LUNE بناطيل رياضي موحدة اللون خصر مرن جيب مائل,SR29.25,0
 SHEIN Essnce بنطلون جينز واسع من الاسفل سستة طائر,SR70.20,0
 DAZY فستان بأكمام فانوس برقبة زخرفية,SR95.00,0
 SHEIN Modely فستان عنق متداخل اكمام منتفضة خصر مكشكش,SR85.50,0
 DAZY بلوزة بأكمام واسعة وربطة عنق وطبعة زهور,SR54.00,0
 SHEIN Privé موحدة اللون بقصة ملفوفة بليزر صدرية & بنطلون بساق واسع,SR81.00,0
 DAZY فستان 2 في 1 لونين صف ازرار مزدوجة حزام,SR108.00,0
 DAZY فستان نسائي بأكمام فانوسية وياقة مرتفعة وطرف ذو روب كشكش منقوش,SR116.00,0
 تي شيرت نسائي بقصة ضيقة وأزرار نصف مفتوحة,SR26.00,0
 أطقم منسقة ثقيلة نسائية,SR122.40,0
 DAZY قميص نسائي مصمم بالرقبة العالية والقصة الضيقة,SR35.00,0
 تي شيرت بطباعة أحرف اكمام راجلان,SR29.00,0
 سترة رياضية بقلنسوة نسائية بألوان ثابتة وجيب برباط للنساء,SR46.00,0
 فستان كامي بحاشية غير متماثلة وتفاصيل حجر الراين,SR181.00,0
 DAZY فستان طباعة الأزهار ياقة مربع,SR89.00,0
 SHEIN Mulvari فستان نصف أزرار A-line بسحاب وتطريزات تباين للنساء,SR77.00,0
 SHEIN Frenchy تي شيرت ثنية وقوف الياقة,SR19.80,0
 SHEIN MOD موحدة اللون صدرية كامي & بنطلون بساق واسع,SR88.00,0
 SHEIN LUNE موحدة اللون أزرار أمامية قميص & بنطلون بساق واسع,SR63.00,0
 SHEIN Mulvari فستان طويل بأكمام طويلة وطبعات هندسية للسيدات,SR83.00,0
 SHEIN MOD فستان برسن موحدة اللون تجاعيد,SR47.00,0
 SHEIN MOD بنطلون بساق مستقيم موحدة اللون جلد صناعي,SR57.00,0
 SHEIN Modely زغبي كفة مفتوح امامي معطف و فستان برسن طقم,SR97.00,0
 SHEIN Modely فستان ترتر باكمام منتفضة وحزام,SR99.90,0
 تي شيرت طباعة مخطط,SR36.00,0
 SHEIN MOD فستان كامي مطرز بأزهار شبكي شامل,SR83.00,0
 DAZY فستان بياقة V وأكمام طويلة,SR68.00,0
 SHEIN Essnce معطف صوف بحزام ذو حواف ملونة مع جيوب مزدوجة,SR90.75,0
 SHEIN MOD مجموعة قطعتين عادية بلون سادة للمرأة,SR47.00,0
 SHEIN Privé ثوب نسائي بأكمام جرس متوسطة الطول,SR64.00,0
 SHEIN Modely فستان شبكة متباينة تجاعيد,SR82.80,0
 DAZY فستان بأكمام القمر بخصر إمبير مجعد و أزرار و تزيينات,SR76.00,0
 DAZY قميص عادي بأكمام نصفية وتفاصيل مجمعة,SR38.00,0
 DAZY فستان بأكمام منتفخة وتفاصيل دانتيل,SR99.00,0
 SHEIN Modely فستان بشريط A موحدة اللون وقوف الياقة بدون أكمام,SR85.00,0
 SHEIN Modely فستان بشريط A موحدة اللون بتفاصيل مكشكش,SR72.00,0
 SHEIN بنطلون جينز بخصر متداخل موحدة اللون,SR72.90,0
 SHEIN MOD فستان كامي بطباعة أزهار اقحوان,SR55.00,0
 SHEIN EZwear تي شيرت جرافيك كاجوال بطبعة عنكبوت وأكمام قصيرة ورقبة دائرية تي شيرت نسائي مناسب للصيف,SR20.00,0
 SHEIN Privé بلوزة نسائية بربطة عنق في شكل V وقصة مقصوصة من الأمام,SR48.00,0
 مجموعة متطابقة للنساء من سترة محبوكة وسروال مسار فصلي للخريف والشتاء الدافئة,SR134.10,0
 SHEIN MOD الصلبة اللون قبالة فستان الكتف,SR72.90,0
 SHEIN MOD فستان برسن رايات امامية اكمام واسعة تجاعيد بحافة مطوي,SR75.00,0
 DAZY هودي سستة منخفض الاكتاف رباط مبطن حراري,SR100.00,0
 SHEIN Privé جمبسوت انبوب مقلم زغبي,SR55.00,0
 SHEIN Privé فستان بشريط A موحدة اللون اكمام جناح الخفاش,SR57.00,0
 Oxana فستان ياقة غير متماثل اكمام بيشوب بحافة واسع من الاسفل,SR107.10,0
 Dazy Star بنطلون جينز واسع من الاسفل موحدة اللون,SR84.00,0
 DAZY ثوب جانبي سادة بتصميم مجمع بالشبكة,SR71.00,0
 SHEIN Essnce تي شيرت قصيرة الأكمام للنساء مطبوع عليه رسومات لوحة زيتية,SR20.70,0
 DAZY فستان موحدة اللون أزرار أمامية دانتيل,SR133.00,4
 SHEIN EZwear بنطلون فلير بحزام خصر واسع,SR34.20,4
 SHEIN ICON تي شيرت موسيقى الروك المنحطة ياقة غير متماثل محبوك مضلع,SR20.25,4
 SHEIN Mulvari الصلبة اللون ارتفاع الخصر فستان طويل الأكمام,SR42.50,4
 معطف بأزرار وشال ملون واحد,SR105.02,4
 SHEIN EZwear قميص بدون أكمام كاجوال للسيدات مكون من 3 قطع/عبوة ضيقة برقبة دائرية، أسود/أبيض/رمادي,SR41.00,4
 SHEIN BASICS لباس علوي تانك موحدة اللون أهيف,SR20.70,4
 SHEIN EZwear فستان ضيق موحدة اللون محبوك مضلع,SR31.50,4
 سترة بطباعة حروف ملونة وأكمام راجلان وسحاب نصف فتحة,SR44.00,4
 SHEIN Najma فستان بحزام طباعة بيزلي مطرز,SR168.00,4
 DAZY سترة محبوكة صلبة بأضلاع,SR30.00,4
 SHEIN EZwear طقم قميص قصير بدون أكمام للسيدات مكون من 3 قطع باللون الأسود والأبيض والرمادي للارتداء غير الرسمي,SR37.00,4
 SHEIN Privé فستان بأكمام جرس وأكتاف متباينة,SR48.60,4
 SHEIN Essnce بنطلون بساق واسع موحدة اللون,SR27.00,4
 SHEIN EZwear ملابس صيفية تي شيرت نسائي كاجوال وبسيط فضفاض بأكمام قصيرة ورقبة دائرية، مناسب لفصل الصيف,SR27.00,4
 Dazy Star قميص نسائي بأكمام منتفخة وياقة متباينة,SR60.00,4
 SHEIN MOD بنطلون بساق مستقيم خصر عالي,SR63.90,4
 DAZY فستان مكشوف الكتف بلون سادة للنساء، مزين بكشكشة على الأكتاف والحاشية,SR100.00,4
 SHEIN Modely فستان بشريط A ياقة مربع,SR86.40,4
 DAZY تنورة ذو تجاعيد موحدة اللون,SR60.00,4
 SHEIN Modely فستان موحدة اللون أكمام فانوس بتفاصيل لؤلؤ,SR90.00,4
 SHEIN Modely فستان موحدة اللون وقوف الياقة حافة طبقات,SR117.90,4
 SHEIN EZwear سترة سوداء للنساء بسحاب Y2k و فتحات إبهام,SR41.00,4
 بنطلون جينز حافة خام ساق عريضة,SR77.00,4
 SHEIN Frenchy سترة بدلة بأكمام طويلة وياقة مثنية,SR49.50,4
 DAZY سويتر بنمط مخطط بأكتاف منسدلة,SR47.25,4
 SHEIN Coolane تيشرت نسائي بطبعة العنكبوت,SR22.00,4
 DAZY قميص مخطط عمودي منخفض الاكتاف مقلم بكشكش,SR59.00,4
 SHEIN Najma فستان شيفرون مطرز برقبة قصيرة مزين بأطراف ترتر,SR61.20,4
 SHEIN Privé 3 قطع تي شيرت بياقة واقفة وأكمام تشبه جناح الخفاش,SR53.10,4
 SHEIN MOD فستان موحدة اللون بتفاصيل مكشكش,SR51.00,4
 SHEIN Mulvari فستان نسائي برقبة مربعة وأكمام منتفخة,SR55.00,4
 SHEIN EZwear بنطلون بساق واسع خصر عالي,SR33.30,4
 DAZY بنطلون جينز جيب مائل ساق عريضة,SR82.00,4
 SHEIN LUNE سروال نسائي بطيات بتأثير معدني,SR55.00,4
 هودي مع رباط قابل للتعديل ورقعة للنساء,SR48.00,4
 SHEIN Privé قميص موحدة اللون منخفض الاكتاف و بنطلون بساق واسع,SR59.40,4
 SHEIN Privé فستان نسائي بأكمام فانوس مطبوع بتقنية ربط العنق مع حاشية ملتفة,SR58.00,4
 SHEIN MOD لباس علوي تانك قصير رباط جانبي بدون بلوزة,SR34.00,4
 SHEIN Modely فستان طباعة الأزهار أكمام فانوس,SR79.20,4
 SHEIN Essnce بنطلون بساق واسع وخصر عالي ورباط,SR59.40,4
 SHEIN Privé فستان بياقة V وأكمام منتفخة وطبعة زهور,SR63.00,4
 DAZY فستان مكشوف الكتف أكمام فانوس حافة حورية البحر,SR102.00,4
 DAZY فستان طباعة الأزهار أكمام فانوس,SR76.00,4
 SHEIN MOD بنطلون بساق واسع جيب مصحح,SR38.50,4
 SHEIN Privé فستان بأكمام جرس ذات تموجات مربعة عنق,SR79.00,4
 SHEIN Mulvari بصدر مدرز فستان برسن و طباعة هندسية اكمام منتفضة معطف,SR106.00,4
 SHEIN EZwear بنطال واسع بساق عريضة مناسب للبس اليومي,SR54.00,4
 SHEIN LUNE كنزة صوف محبوك مضلع بياقة سلحفاة 3 قطع,SR111.60,4
 SHEIN Privé فستان وقوف الياقة أكمام فانوس حافة منديل,SR79.00,4
 SHEIN Modely ياقة طوق صف ازرار مزدوجة بليزر قصير & تنورة,SR82.00,4
 SHEIN MOD فستان كامي موحدة اللون تجاعيد,SR44.00,4
 SHEIN Modely فستان نسائي بأكمام منتفخة وتفاصيل بلوك من اللون مطرز بالكامل,SR90.00,4
 SHEIN ICON بنطلون جينز بخصر عالي وساق عريضة,SR82.00,4
 SHEIN Mulvari فستان نسائي بلون سادة برباط جانبي غير متماثل,SR62.10,4
 SHEIN Modely فستان نسائي بطبعة زهور وأكمام لانترن قصيرة مع ياقة مربعة,SR77.00,4
 SHEIN Modely فستان مطرز بلؤلؤ أكمام مشقوقة ياقة مربع فتحة للفخذ,SR92.00,4
 DAZY قميص متدلي بأزرار أمامية ، اكتفاء كتفين,SR62.00,4
 SHEIN Mulvari فستان بتفاصيل مكشكشة طبقات باكمام وبرقبة مسنن,SR117.00,4
 SHEIN MOD فستان متباين طباعة الأزهار رباط امامي اكمام منتفضة,SR88.00,4
 SHEIN Privé كشكش هيم فستان طويل الأكمام,SR71.00,4
 بنطلون بساق واسعة برسمة المربعات ورباط من الأعلى,SR41.00,4
 SHEIN Najma فستان بحزام طباعة الأزهار أكمام فانوس,SR69.00,4
 SHEIN PETITE بنطلون رسمي جيب جانبي بجيوب شحن,SR43.20,0
 SHEIN MOD فستان كامي طباعة الأزهار تجاعيد شبكة,SR47.00,0
 SHEIN EZwear مجموعة بدلة ضيقة من الصوف للنساء باللون الرمادي الداكن,SR62.10,0
 SHEIN Essnce بنطلون جينز واسع من الاسفل سستة طائر,SR70.20,0
 SHEIN Najma فستان بطباعة أزهار ذهبية شريط متباين,SR70.00,0
 SHEIN LUNE بناطيل رياضي موحدة اللون خصر مرن جيب مائل,SR29.25,0
 SHEIN Modely فستان عنق متداخل اكمام منتفضة خصر مكشكش,SR85.50,0
 DAZY قميص نسائي مصمم بالرقبة العالية والقصة الضيقة,SR35.00,0
 DAZY بلوزة بأكمام واسعة وربطة عنق وطبعة زهور,SR54.00,0
 أطقم منسقة ثقيلة نسائية,SR122.40,0
 DAZY فستان 2 في 1 لونين صف ازرار مزدوجة حزام,SR108.00,0
 تي شيرت نسائي بقصة ضيقة وأزرار نصف مفتوحة,SR26.00,0
 تي شيرت بطباعة أحرف اكمام راجلان,SR29.00,0
 DAZY فستان نسائي بأكمام فانوسية وياقة مرتفعة وطرف ذو روب كشكش منقوش,SR116.00,0
 SHEIN MOD موحدة اللون صدرية كامي & بنطلون بساق واسع,SR88.00,0
 سترة رياضية بقلنسوة نسائية بألوان ثابتة وجيب برباط للنساء,SR46.00,0
 فستان كامي بحاشية غير متماثلة وتفاصيل حجر الراين,SR181.00,0
 DAZY فستان طباعة الأزهار ياقة مربع,SR89.00,0
 SHEIN Mulvari فستان نصف أزرار A-line بسحاب وتطريزات تباين للنساء,SR77.00,0
 SHEIN LUNE موحدة اللون أزرار أمامية قميص & بنطلون بساق واسع,SR63.00,0
 SHEIN Modely فستان بشريط A موحدة اللون بتفاصيل مكشكش,SR72.00,0
 SHEIN Modely فستان ترتر باكمام منتفضة وحزام,SR99.90,0
 SHEIN MOD فستان برسن موحدة اللون تجاعيد,SR47.00,0
 SHEIN Essnce معطف صوف بحزام ذو حواف ملونة مع جيوب مزدوجة,SR90.75,0
 SHEIN Mulvari فستان طويل بأكمام طويلة وطبعات هندسية للسيدات,SR83.00,0
 SHEIN Modely زغبي كفة مفتوح امامي معطف و فستان برسن طقم,SR97.00,0
 SHEIN MOD بنطلون بساق مستقيم موحدة اللون جلد صناعي,SR57.00,0
 SHEIN EZwear تي شيرت جرافيك كاجوال بطبعة عنكبوت وأكمام قصيرة ورقبة دائرية تي شيرت نسائي مناسب للصيف,SR20.00,0
 تي شيرت طباعة مخطط,SR36.00,0
 DAZY فستان بياقة V وأكمام طويلة,SR68.00,0
 DAZY فستان بأكمام منتفخة وتفاصيل دانتيل,SR99.00,0
 SHEIN MOD فستان كامي مطرز بأزهار شبكي شامل,SR83.00,0
 SHEIN MOD مجموعة قطعتين عادية بلون سادة للمرأة,SR47.00,0
 SHEIN MOD فستان كامي بطباعة أزهار اقحوان,SR55.00,0
 SHEIN Privé ثوب نسائي بأكمام جرس متوسطة الطول,SR64.00,0
 SHEIN Modely فستان شبكة متباينة تجاعيد,SR82.80,0
 SHEIN بنطلون جينز بخصر متداخل موحدة اللون,SR72.90,0
 DAZY فستان بأكمام القمر بخصر إمبير مجعد و أزرار و تزيينات,SR76.00,0
 SHEIN Modely فستان بشريط A موحدة اللون وقوف الياقة بدون أكمام,SR85.00,0
 SHEIN Privé بلوزة نسائية بربطة عنق في شكل V وقصة مقصوصة من الأمام,SR48.00,0
 مجموعة متطابقة للنساء من سترة محبوكة وسروال مسار فصلي للخريف والشتاء الدافئة,SR134.10,0
 SHEIN MOD الصلبة اللون قبالة فستان الكتف,SR72.90,0
 SHEIN MOD فستان برسن رايات امامية اكمام واسعة تجاعيد بحافة مطوي,SR75.00,0
 DAZY هودي سستة منخفض الاكتاف رباط مبطن حراري,SR100.00,0
 SHEIN Privé جمبسوت انبوب مقلم زغبي,SR55.00,0
 SHEIN Privé فستان بشريط A موحدة اللون اكمام جناح الخفاش,SR57.00,0
 Oxana فستان ياقة غير متماثل اكمام بيشوب بحافة واسع من الاسفل,SR107.10,0
 Dazy Star بنطلون جينز واسع من الاسفل موحدة اللون,SR84.00,0
 DAZY ثوب جانبي سادة بتصميم مجمع بالشبكة,SR71.00,0
 SHEIN Essnce تي شيرت قصيرة الأكمام للنساء مطبوع عليه رسومات لوحة زيتية,SR20.70,0
 بنطلون كارجو جيب جانبي قلاب,SR61.00,0
 SHEIN MOD فستان كامي طباعة الأزهار بربطة كتف,SR67.00,0
 SHEIN EZwear قميص نسائي قصير غير رسمي ومرن، بلا أكمام 2 قطعة، صيفي,SR23.00,0
 SHEIN MOD فستان بربطة عنق اكمام منتفخة,SR79.00,0
 DAZY قميص طباعة مربع النقش منخفض الاكتاف,SR68.00,0
 Dazy-Less تنورة واسع من الاسفل موحدة اللون,SR58.00,0
 SHEIN Privé فستان نسائي بفتحة عالية وصبغة التعادل وحاشية مكشكشة,SR66.00,0
